"","ITA","IT"
"ITA",1,0.787907789719203
"IT",0.787907789719203,1
