"","ITA","IT","TA","T"
"gam",0.626744350305611,0.732277931142503,0.503744932388864,0.444113243651082
"lm",0.396404517725529,0.692719348686419,0.145411015446367,0.227543469342438
