"","ITA","TA"
"ITA",1,0.959948351491267
"TA",0.959948351491267,1
