"","AIC","BIC"
"gam",0,0
"lm",16.9262528601832,-0.203124265288807
