"","AIC","BIC"
"gam",0,0
"lm",45.1250004834088,31.6525523599578
