"","ITA","IT","TA","T"
"gam",0.255137158988933,0.493054294700088,0.355938909063143,0.359470833897725
"lm",0.131579058553088,0.383939026712398,0.146445202475366,0.233767210271776
